index,text,your_label,spacy_entities,suggestion,corrected_label,notes
17,PROF. FREDERICK TURNER,Company,"[('FREDERICK TURNER', 'PERSON')]",This might be a PERSON: FREDERICK TURNER,,
23,Kenny Coursor,Company,"[('Kenny Coursor', 'PERSON')]",This might be a PERSON: Kenny Coursor,,
28,keeley gabbidon,Company,"[('keeley gabbidon', 'PERSON')]",This might be a PERSON: keeley gabbidon,,
44,ASHBY PIESING,Person,[],This might not be a PERSON,,
48,Mr. Bendite Bayle,Company,"[('Bendite Bayle', 'PERSON')]",This might be a PERSON: Bendite Bayle,,
54,MISS PERSONAL DLAMINI,Person,[],This might not be a PERSON,,
105,ADELE FORTUIN,Person,[],This might not be a PERSON,,
108,DR. MARKOS DOWNGATE,Person,[],This might not be a PERSON,,
136,Yehudi Standon,Company,"[('Yehudi Standon', 'PERSON')]",This might be a PERSON: Yehudi Standon,,
139,Nompumelelo Lee,Company,"[('Nompumelelo Lee', 'PERSON')]",This might be a PERSON: Nompumelelo Lee,,
142,EMMERY BAZELY,Person,[],This might not be a PERSON,,
146,DESIRÉE BOWS,Person,[],This might not be a PERSON,,
147,clary brownlow,Person,[],This might not be a PERSON,,
155,Ashby Sidebottom,Company,"[('Ashby Sidebottom', 'PERSON')]",This might be a PERSON: Ashby Sidebottom,,
157,Adriaan Africa,Person,"[('Adriaan Africa', 'LOC')]",This might not be a PERSON,,
160,Mr. rev. brandon fredericks,Company,"[('brandon fredericks', 'PERSON')]",This might be a PERSON: brandon fredericks,,
163,BAREND SEPTEMBER,Person,"[('BAREND SEPTEMBER', 'DATE')]",This might not be a PERSON,,
182,Dirk Park,Person,"[('Dirk Park', 'FAC')]",This might not be a PERSON,,
185,rev. neo adams,Person,[],This might not be a PERSON,,
198,katz  Izio linklinks SKYNDU UnLtd,Company,"[('katz  ', 'PERSON'), ('SKYNDU UnLtd', 'ORG')]",This might be a PERSON: katz  ,,
226,Mrs Anita Fredericks,Company,"[('Anita Fredericks', 'PERSON')]",This might be a PERSON: Anita Fredericks,,
230,Ntokozo Greeff,Company,"[('Ntokozo Greeff', 'PERSON')]",This might be a PERSON: Ntokozo Greeff,,
247,IVAN MABASO,Company,"[('IVAN MABASO', 'PERSON')]",This might be a PERSON: IVAN MABASO,,
255,Stanwood Sammut,Company,"[('Stanwood Sammut', 'PERSON')]",This might be a PERSON: Stanwood Sammut,,
287,rodney eliez,Company,"[('rodney eliez', 'PERSON')]",This might be a PERSON: rodney eliez,,
290,TIFF CUMMUNGS,Person,[],This might not be a PERSON,,
294,Prof. Carissa Dugget,Company,"[('Carissa Dugget', 'PERSON')]",This might be a PERSON: Carissa Dugget,,
301,Jaxnation  Mydo Skipfire Feedfire Corporation,Company,"[('Jaxnation  Mydo', 'PERSON'), ('Skipfire Feedfire Corporation', 'ORG')]",This might be a PERSON: Jaxnation  Mydo,,
307,julia street,Person,[],This might not be a PERSON,,
349,Dr alexis guiness,Person,[],This might not be a PERSON,,
354,MRS miss karabo mkhabela,Company,"[('karabo mkhabela', 'PERSON')]",This might be a PERSON: karabo mkhabela,,
356,JANEAN HAMMEL,Company,"[('JANEAN HAMMEL', 'PERSON')]",This might be a PERSON: JANEAN HAMMEL,,
364,DR Precious Malema,Person,[],This might not be a PERSON,,
367,DARE SEAMONS,Person,[],This might not be a PERSON,,
371,Babalwa Ngobeni,Person,[],This might not be a PERSON,,
380,YOUR DE JAGER,Person,[],This might not be a PERSON,,
387,NATIVIDAD BOLLANDS,Person,"[('NATIVIDAD', 'ORG')]",This might not be a PERSON,,
390,FONZIE HARFOOT,Person,[],This might not be a PERSON,,
392,Dr Mr. Desmond Mhlongo,Company,"[('Desmond Mhlongo', 'PERSON')]",This might be a PERSON: Desmond Mhlongo,,
407,YOUR MARSHALL,Person,[],This might not be a PERSON,,
411,Cort Canton,Person,"[('Cort Canton', 'GPE')]",This might not be a PERSON,,
436,kagiso gounden,Person,"[('kagiso gounden', 'GPE')]",This might not be a PERSON,,
468,mén meriguet,Person,[],This might not be a PERSON,,
469,MR WALLIW RAMEY,Person,[],This might not be a PERSON,,
509,BÉRANGÈRE POLHILL,Person,[],This might not be a PERSON,,
514,SINCLAIR DE MITRI,Person,[],This might not be a PERSON,,
517,NEXT EBRAHIM,Person,[],This might not be a PERSON,,
518,MR ATHENA JOIRE,Company,"[('ATHENA JOIRE', 'PERSON')]",This might be a PERSON: ATHENA JOIRE,,
534,personnalisée vido,Person,[],This might not be a PERSON,,
535,sisile geindre,Person,[],This might not be a PERSON,,
538,layo  Avamm CC.,Company,"[('layo  Avamm', 'PERSON')]",This might be a PERSON: layo  Avamm,,
558,sblg options in,Person,"[('sblg', 'ORG')]",This might not be a PERSON,,
568,TRACEE ERICSSEN,Person,[],This might not be a PERSON,,
569,Bren Beament,Company,"[('Bren Beament', 'PERSON')]",This might be a PERSON: Bren Beament,,
582,morris intl pl,Company,"[('morris', 'PERSON')]",This might be a PERSON: morris,,
587,inv ass man galeqt,Company,"[('galeqt', 'PERSON')]",This might be a PERSON: galeqt,,
595,OLIVIA OTTO,Company,"[('OLIVIA OTTO', 'PERSON')]",This might be a PERSON: OLIVIA OTTO,,
610,Kayveo  Kazio mybuzz Co,Company,"[('Kayveo  Kazio', 'PERSON')]",This might be a PERSON: Kayveo  Kazio,,
625,mogamat simelane,Company,"[('mogamat simelane', 'PERSON')]",This might be a PERSON: mogamat simelane,,
637,alan oliver,Company,"[('alan oliver', 'PERSON')]",This might be a PERSON: alan oliver,,
652,Miss dimitry mosson,Person,[],This might not be a PERSON,,
657,Mrs. Prof. Juan Modiba,Company,"[('Juan Modiba', 'PERSON')]",This might be a PERSON: Juan Modiba,,
664,Aí Cater,Person,[],This might not be a PERSON,,
672,Thoughtworks  eadel Mydeo devcast Pty,Company,"[('eadel Mydeo', 'PERSON')]",This might be a PERSON: eadel Mydeo,,
680,Rev. Lee-ann Modise,Company,"[('Lee-ann Modise', 'PERSON')]",This might be a PERSON: Lee-ann Modise,,
692,EADA FRANKUM,Person,[],This might not be a PERSON,,
696,Photolist  Lda.,Company,"[('Lda', 'PERSON')]",This might be a PERSON: Lda,,
723,nonkululeko may,Person,[],This might not be a PERSON,,
738,Eduino Greenroad,Person,[],This might not be a PERSON,,
748,andries basson,Company,"[('andries basson', 'PERSON')]",This might be a PERSON: andries basson,,
758,Maria Ngcobo,Company,"[('Maria Ngcobo', 'PERSON')]",This might be a PERSON: Maria Ngcobo,,
762,FULTON RIVEL,Person,[],This might not be a PERSON,,
771,Elvera Keep,Person,[],This might not be a PERSON,,
773,meezzy  LINKLINKS Trunyx Bond,Company,"[('meezzy  ', 'PERSON'), ('Trunyx Bond', 'PERSON')]","This might be a PERSON: meezzy  , Trunyx Bond",,
777,ABRA YEGOROV,Company,"[('ABRA YEGOROV', 'PERSON')]",This might be a PERSON: ABRA YEGOROV,,
781,Dr. Warren Cronje,Company,"[('Warren Cronje', 'PERSON')]",This might be a PERSON: Warren Cronje,,
791,david grobler,Company,"[('david grobler', 'PERSON')]",This might be a PERSON: david grobler,,
798,morgan pace,Person,"[('morgan', 'DATE')]",This might not be a PERSON,,
799,Browsezoom  Pty (Ltd),Person,"[('Browsezoom  Pty (Ltd', 'ORG')]",This might not be a PERSON,,
807,mrs. refilwe moloi,Company,"[('refilwe moloi', 'PERSON')]",This might be a PERSON: refilwe moloi,,
818,Prof. melisande bourgeois,Company,"[('melisande bourgeois', 'PERSON')]",This might be a PERSON: melisande bourgeois,,
847,CINÉMA SEATH,Person,[],This might not be a PERSON,,
855,University Of The Visayas,University,"[('University Of The Visayas', 'PERSON')]",This might be a PERSON: University Of The Visayas,,
858,béatrice caris,Person,[],This might not be a PERSON,,
863,Ephrem MacKibbon,Company,"[('Ephrem MacKibbon', 'PERSON')]",This might be a PERSON: Ephrem MacKibbon,,
864,Dr contact botha,Company,"[('botha', 'PERSON')]",This might be a PERSON: botha,,
876,Barry Malan,Company,"[('Barry Malan', 'PERSON')]",This might be a PERSON: Barry Malan,,
884,MISS CONTACT BEUKES,Person,[],This might not be a PERSON,,
886,meta fewell,Person,[],This might not be a PERSON,,
936,siphokazi nene,Company,"[('siphokazi nene', 'PERSON')]",This might be a PERSON: siphokazi nene,,
970,REALMIX  Janyx rhynoodle SOC.CoL,Person,"[('REALMIX  ', 'ORG'), ('Janyx rhynoodle SOC.CoL', 'ORG')]",This might not be a PERSON,,
979,Kanoodle  Tambee SICAV,Company,"[('Kanoodle  Tambee', 'PERSON'), ('SICAV', 'PRODUCT')]",This might be a PERSON: Kanoodle  Tambee,,
988,Zoomlounge  Tagcat Einti Yombu Jv Co.,Person,"[('Tagcat', 'ORG')]",This might not be a PERSON,,
990,MS ABBEY CARD,Person,[],This might not be a PERSON,,
995,AGILIS INTERNATIONAL PTY LTD,Person,"[('AGILIS INTERNATIONAL PTY LTD', 'ORG')]",This might not be a PERSON,,
1006,CONCHITA MCGINN,Person,[],This might not be a PERSON,,
1008,esme derkes,Person,[],This might not be a PERSON,,
1018,Siyabonga Harmse,Company,"[('Siyabonga Harmse', 'PERSON')]",This might be a PERSON: Siyabonga Harmse,,
1027,theodoric adrienne,Person,[],This might not be a PERSON,,
1030,Personal Human,Person,[],This might not be a PERSON,,
1032,RANDOLF KIRRENS,Company,"[('RANDOLF KIRRENS', 'PERSON')]",This might be a PERSON: RANDOLF KIRRENS,,
1058,Miss KUÍ MANNOCK,Company,"[('KUÍ MANNOCK', 'PERSON')]",This might be a PERSON: KUÍ MANNOCK,,
1063,Charmion Lead,Person,[],This might not be a PERSON,,
1092,RUÒ JUNE,Person,"[('RUÒ JUNE', 'DATE')]",This might not be a PERSON,,
1097,LUELLA PLAUNCH,Person,[],This might not be a PERSON,,
1122,MISS neil truter,Person,[],This might not be a PERSON,,
1131,MS. THANDI WESSELS,Company,"[('THANDI WESSELS', 'PERSON')]",This might be a PERSON: THANDI WESSELS,,
1151,Prof. Pierre Mofokeng,Company,"[('Pierre Mofokeng', 'PERSON')]",This might be a PERSON: Pierre Mofokeng,,
1211,Lazz  Talane Yakidoo Demizz Pl,Company,"[('Talane Yakidoo', 'PERSON'), ('Demizz Pl', 'PERSON')]","This might be a PERSON: Talane Yakidoo, Demizz Pl",,
1228,GLORIA LE ROUX,Person,"[('GLORIA LE ROUX', 'GPE')]",This might not be a PERSON,,
1254,THABO'S CARS (SOLE PROP AJ  SWANEPOEL),Company,"[('THABO', 'ORG'), ('AJ  SWANEPOEL', 'PERSON')]",This might be a PERSON: AJ  SWANEPOEL,,
1278,SIPHOKAZI ODENDAAL,Company,"[('SIPHOKAZI ODENDAAL', 'PERSON')]",This might be a PERSON: SIPHOKAZI ODENDAAL,,
1283,Acking Man Employee Benefits,Person,[],This might not be a PERSON,,
1288,NKOSINATHI VAN TONDER,Person,[],This might not be a PERSON,,
1308,PROF. LUCKY DU PLOOY,Person,[],This might not be a PERSON,,
1313,Mr Ricardo May,Company,"[('Ricardo May', 'PERSON')]",This might be a PERSON: Ricardo May,,
1338,Sr. MATTHEW MANUEL,Company,"[('MATTHEW MANUEL', 'PERSON')]",This might be a PERSON: MATTHEW MANUEL,,
1340,HUMBERTO DIRKIN,Person,[],This might not be a PERSON,,
1344,MS MAXIMILIEN DOSSETTOR,Person,[],This might not be a PERSON,,
1345,PROF. YOUR HADEBE,Person,[],This might not be a PERSON,,
1350,rev. monique white,Company,"[('monique white', 'PERSON')]",This might be a PERSON: monique white,,
1363,miss thandi simelane,Company,"[('thandi simelane', 'PERSON')]",This might be a PERSON: thandi simelane,,
1364,MAËLY CHADD,Person,[],This might not be a PERSON,,
1372,GEVEE  Meevee CC.,Company,"[('GEVEE  Meevee', 'PERSON')]",This might be a PERSON: GEVEE  Meevee,,
1374,Bryan Adam,Company,"[('Bryan Adam', 'PERSON')]",This might be a PERSON: Bryan Adam,,
1380,Mrs. Vikky Date,Person,[],This might not be a PERSON,,
1384,MICHAIL CULHAM,Company,"[('MICHAIL CULHAM', 'PERSON')]",This might be a PERSON: MICHAIL CULHAM,,
1385,CLOÉ BRU,Person,[],This might not be a PERSON,,
1392,SIBUSISO DA SILVA,Person,[],This might not be a PERSON,,
1412,rhys evans am mwpb01,Company,"[('rhys evans', 'PERSON')]",This might be a PERSON: rhys evans,,
1421,mandla mashigo,Company,"[('mandla mashigo', 'PERSON')]",This might be a PERSON: mandla mashigo,,
1424,MAËLLE REINMAR,Person,[],This might not be a PERSON,,
1425,MRS BRUCE UYS,Company,"[('BRUCE UYS', 'PERSON')]",This might be a PERSON: BRUCE UYS,,
1452,béatrice dansie,Person,[],This might not be a PERSON,,
1465,Léonore Fradson,Company,"[('Léonore Fradson', 'PERSON')]",This might be a PERSON: Léonore Fradson,,
1470,DR ben pillay,Person,[],This might not be a PERSON,,
1471,Cléopatre Erangey,Person,[],This might not be a PERSON,,
1507,Mrs. Lungile Cooper,Company,"[('Lungile Cooper', 'PERSON')]",This might be a PERSON: Lungile Cooper,,
1517,Timmy Rendle,Company,"[('Timmy Rendle', 'PERSON')]",This might be a PERSON: Timmy Rendle,,
1542,Debbie Otto,Company,"[('Debbie Otto', 'PERSON')]",This might be a PERSON: Debbie Otto,,
1544,derek furnival,Company,"[('derek furnival', 'PERSON')]",This might be a PERSON: derek furnival,,
1575,VICTORIA MOONSAMY,Company,"[('VICTORIA MOONSAMY', 'PERSON')]",This might be a PERSON: VICTORIA MOONSAMY,,
1584,MRS Tasneem Conradie,Company,"[('Tasneem Conradie', 'PERSON')]",This might be a PERSON: Tasneem Conradie,,
1593,HELEN NTOMBELA,Company,"[('HELEN NTOMBELA', 'PERSON')]",This might be a PERSON: HELEN NTOMBELA,,
1603,Trudy Mungan,Company,"[('Trudy Mungan', 'PERSON')]",This might be a PERSON: Trudy Mungan,,
1618,NTHABISENG SWART,Person,"[('NTHABISENG', 'ORG')]",This might not be a PERSON,,
1634,MS TÁN TICKSALL,Person,[],This might not be a PERSON,,
1635,Pixope  yambee oyondu divanoodle Family Trust,Company,"[('Pixope  yambee', 'PERSON')]",This might be a PERSON: Pixope  yambee,,
1639,miss vusi marais,Person,[],This might not be a PERSON,,
1647,Riffwire  DEMIMBU Centidel Inc.,Person,"[('Riffwire  DEMIMBU Centidel Inc.', 'ORG')]",This might not be a PERSON,,
1648,Mrs. Jonas MacGinley,Company,"[('Jonas MacGinley', 'PERSON')]",This might be a PERSON: Jonas MacGinley,,
1649,CAREL VISAGIE,Company,"[('CAREL VISAGIE', 'PERSON')]",This might be a PERSON: CAREL VISAGIE,,
1656,MAÏLY GLAZYER,Person,[],This might not be a PERSON,,
1662,ETAGA INFORMATION TECHNOLOGY,Person,[],This might not be a PERSON,,
1663,styrbjörn constant,Person,[],This might not be a PERSON,,
1664,GÉRALDINE HEAPS,Person,[],This might not be a PERSON,,
1666,Skyba  Shuffletag Photobean Jv Co.,Company,"[('Skyba  Shuffletag', 'PERSON'), ('Photobean Jv Co.', 'ORG')]",This might be a PERSON: Skyba  Shuffletag,,
1668,BRYN KENNHAM,Company,"[('BRYN KENNHAM', 'PERSON')]",This might be a PERSON: BRYN KENNHAM,,
1695,Sr. gabriel enslin,Company,"[('gabriel enslin', 'PERSON')]",This might be a PERSON: gabriel enslin,,
1697,Bérangère Gyppes,Person,[],This might not be a PERSON,,
1700,MERRILY FORDER,Person,[],This might not be a PERSON,,
1719,TILDY ROBET,Person,[],This might not be a PERSON,,
1733,garth buys,Person,"[('garth', 'WORK_OF_ART')]",This might not be a PERSON,,
1742,Aubrey Dube,Company,"[('Aubrey Dube', 'PERSON')]",This might be a PERSON: Aubrey Dube,,
1754,cullen clair,Company,"[('cullen clair', 'PERSON')]",This might be a PERSON: cullen clair,,
1773,antoinette lourens,Company,"[('antoinette lourens', 'PERSON')]",This might be a PERSON: antoinette lourens,,
1775,pincus baldung,Company,"[('pincus baldung', 'PERSON')]",This might be a PERSON: pincus baldung,,
1789,Béatrice Isaksen,Company,"[('Béatrice Isaksen', 'PERSON')]",This might be a PERSON: Béatrice Isaksen,,
1796,Riaan Park,Person,"[('Riaan Park', 'FAC')]",This might not be a PERSON,,
1808,TRACY PRINSLOO,Person,[],This might not be a PERSON,,
1820,Uta Dybell,Company,"[('Uta Dybell', 'PERSON')]",This might be a PERSON: Uta Dybell,,
1826,YOLANDI MOAGI,Person,"[('YOLANDI MOAGI', 'GPE')]",This might not be a PERSON,,
1829,amabel langford,Company,"[('amabel langford', 'PERSON')]",This might be a PERSON: amabel langford,,
1832,JACKIE TURNER,Company,"[('JACKIE TURNER', 'PERSON')]",This might be a PERSON: JACKIE TURNER,,
1833,jamia  quinu thoughtmix S.P.,Company,"[('jamia  quinu', 'PERSON'), ('thoughtmix S.P.', 'ORG')]",This might be a PERSON: jamia  quinu,,
1836,DR. nicola potgieter,Company,"[('nicola potgieter', 'PERSON')]",This might be a PERSON: nicola potgieter,,
1846,Dr. Thandi Mncube,Company,"[('Thandi Mncube', 'PERSON')]",This might be a PERSON: Thandi Mncube,,
1847,Futures Dealing,Person,[],This might not be a PERSON,,
1851,Thandi Morris,Company,"[('Thandi Morris', 'PERSON')]",This might be a PERSON: Thandi Morris,,
1852,simona casarini,Person,[],This might not be a PERSON,,
1873,Mrs. Lizelle Masuku,Company,"[('Lizelle Masuku', 'PERSON')]",This might be a PERSON: Lizelle Masuku,,
1875,Inès Wiper,Person,[],This might not be a PERSON,,
1889,CIRILLO ROWES,Person,"[('CIRILLO', 'WORK_OF_ART')]",This might not be a PERSON,,
1891,Fan Eglise,Person,[],This might not be a PERSON,,
1894,DR. kobus vorster,Company,"[('kobus vorster', 'PERSON')]",This might be a PERSON: kobus vorster,,
1903,Jean Liebenberg,Company,"[('Jean Liebenberg', 'PERSON')]",This might be a PERSON: Jean Liebenberg,,
1926,SERGEI FROUDE,Person,[],This might not be a PERSON,,
1954,eamia  Yadel PTE,Company,"[('eamia  Yadel', 'PERSON')]",This might be a PERSON: eamia  Yadel,,
1955,dumisani le roux,Person,[],This might not be a PERSON,,
1967,PIM Seed Stable Fund Grindrod,Company,"[('PIM Seed Stable Fund', 'ORG'), ('Grindrod', 'PERSON')]",This might be a PERSON: Grindrod,,
1968,ingrid van heerden,Company,"[('ingrid van heerden', 'PERSON')]",This might be a PERSON: ingrid van heerden,,
1969,ROY MLAMBO,Person,[],This might not be a PERSON,,
1970,SIGISMOND LARKINS,Person,[],This might not be a PERSON,,
1973,Jatri  Quinu Layo Zoombeat Pty,Company,"[('Jatri  Quinu', 'PERSON')]",This might be a PERSON: Jatri  Quinu,,
1983,thomas mcclymond,Company,"[('thomas mcclymond', 'PERSON')]",This might be a PERSON: thomas mcclymond,,
1997,NKOSINATHI REDDY,Person,[],This might not be a PERSON,,
2002,GAYE DITCH,Person,[],This might not be a PERSON,,
2009,Dr Börje Mann,Company,"[('Börje Mann', 'PERSON')]",This might be a PERSON: Börje Mann,,
2020,DR. PERSONAL BEUKES,Person,[],This might not be a PERSON,,
2025,Lungile Burger,Person,[],This might not be a PERSON,,
2046,sandor macgiany,Company,"[('sandor macgiany', 'PERSON')]",This might be a PERSON: sandor macgiany,,
2061,Uò Eagles,Person,[],This might not be a PERSON,,
2066,Alica Marousek,Company,"[('Alica Marousek', 'PERSON')]",This might be a PERSON: Alica Marousek,,
2067,Bettye Dufton,Company,"[('Bettye Dufton', 'PERSON')]",This might be a PERSON: Bettye Dufton,,
2070,Rhynyx  LIVEZ Bubblebox Pl,Company,"[('Rhynyx  LIVEZ', 'PERSON')]",This might be a PERSON: Rhynyx  LIVEZ,,
2075,harald g cc,Company,"[('harald g cc', 'PERSON')]",This might be a PERSON: harald g cc,,
2099,nico joseph,Company,"[('nico joseph', 'PERSON')]",This might be a PERSON: nico joseph,,
2103,Teboho Du Plooy,Person,"[('Teboho Du Plooy', 'ORG')]",This might not be a PERSON,,
2107,ELROY NICKLESS,Person,[],This might not be a PERSON,,
2119,KANYA BURDYTT,Company,"[('KANYA BURDYTT', 'PERSON')]",This might be a PERSON: KANYA BURDYTT,,
2156,ADDIA PURCHES,Person,[],This might not be a PERSON,,
2159,THÉRÈSE WONFOR,Person,[],This might not be a PERSON,,
2166,Skipfire  Flashdog quinu Pty,Company,"[('Skipfire  Flashdog', 'PERSON')]",This might be a PERSON: Skipfire  Flashdog,,
2168,Alexander Natiive Nominees (Proprietary)Limited,Company,"[('Alexander Natiive', 'PERSON')]",This might be a PERSON: Alexander Natiive,,
2175,Miss VUSI MAHOMED,Company,"[('VUSI', 'PERSON')]",This might be a PERSON: VUSI,,
2176,Your Neethling,Person,[],This might not be a PERSON,,
2179,YOUFEED  Yacero Aimbo Ltd,Company,"[('Yacero Aimbo Ltd', 'PERSON')]",This might be a PERSON: Yacero Aimbo Ltd,,
2183,Dà Silvester,Person,[],This might not be a PERSON,,
2184,GIDEON WOLMARANS,Person,[],This might not be a PERSON,,
2190,MR Nonkululeko Africa,Company,"[('Nonkululeko', 'PERSON')]",This might be a PERSON: Nonkululeko,,
2198,CHLOÉ GRUND,Person,[],This might not be a PERSON,,
2218,twitterlist  Yodel Vinte photospace L.L.P,Company,"[('Yodel Vinte', 'PERSON')]",This might be a PERSON: Yodel Vinte,,
2221,Chatterpoint  Wikido Bubblemix Bond,Company,"[('Wikido Bubblemix Bond', 'PERSON')]",This might be a PERSON: Wikido Bubblemix Bond,,
2227,SELLO PRETORIUS,Person,[],This might not be a PERSON,,
2232,BULELWA XULU,Person,"[('BULELWA XULU', 'GPE')]",This might not be a PERSON,,
2237,TEODORICO FEATONBY,Person,[],This might not be a PERSON,,
2239,Amélie Vail,Company,"[('Amélie Vail', 'PERSON')]",This might be a PERSON: Amélie Vail,,
2244,Tsholofelo Makhubela,Company,"[('Tsholofelo Makhubela', 'PERSON')]",This might be a PERSON: Tsholofelo Makhubela,,
2248,Lazzy  mynte divavu Chatterbridge & Co.,Company,"[('Lazzy  mynte', 'PERSON'), ('Chatterbridge & Co.', 'ORG')]",This might be a PERSON: Lazzy  mynte,,
2262,clo fydo,Person,[],This might not be a PERSON,,
2269,MAËLYSS LUDEWIG,Company,"[('MAËLYSS LUDEWIG', 'PERSON')]",This might be a PERSON: MAËLYSS LUDEWIG,,
2270,Sello Van Staden,Company,"[('Sello Van Staden', 'PERSON')]",This might be a PERSON: Sello Van Staden,,
2277,WILLAMINA SHITLIFFE,Person,[],This might not be a PERSON,,
2283,TO DU PLESSIS,Person,[],This might not be a PERSON,,
2294,RICHMOND ROSTHORN,Company,"[('RICHMOND ROSTHORN', 'PERSON')]",This might be a PERSON: RICHMOND ROSTHORN,,
2309,Alison Labuschagne,Company,"[('Alison Labuschagne', 'PERSON')]",This might be a PERSON: Alison Labuschagne,,
2321,busisiwe zulu,Person,[],This might not be a PERSON,,
2345,DR maëly varsey,Person,[],This might not be a PERSON,,
2348,Skyndu  rooxo Pl,Company,"[('Skyndu  rooxo Pl', 'PERSON')]",This might be a PERSON: Skyndu  rooxo Pl,,
2360,miss roxane gumb,Company,"[('roxane gumb', 'PERSON')]",This might be a PERSON: roxane gumb,,
2361,Sr. Sifiso Geldenhuys,Company,"[('Sifiso Geldenhuys', 'PERSON')]",This might be a PERSON: Sifiso Geldenhuys,,
2373,babalwa hall,Person,[],This might not be a PERSON,,
2376,Fivebridge  BUBBLEMIX MYNTE BROWSEBLAB Proprietary Limited,Person,"[('Fivebridge  ', 'ORG'), ('BUBBLEMIX MYNTE BROWSEBLAB Proprietary Limited', 'ORG')]",This might not be a PERSON,,
2377,Sr. PHUMZILE BRITS,Person,[],This might not be a PERSON,,
2382,CLÉMENTINE UNGERER,Person,[],This might not be a PERSON,,
2389,publicité solman,Person,"[('publicité solman', 'ORG')]",This might not be a PERSON,,
2395,Mr. MRS. SAMANTHA MKHWANAZI,Company,"[('SAMANTHA MKHWANAZI', 'PERSON')]",This might be a PERSON: SAMANTHA MKHWANAZI,,
2406,PRECIOUS HOFFMAN,Person,[],This might not be a PERSON,,
2410,hon. etienne johnson,Company,"[('etienne johnson', 'PERSON')]",This might be a PERSON: etienne johnson,,
2417,Youopia  Flashpoint gabtype & Co,Person,[],This might not be a PERSON,,
2427,SONNY ERWIN,Company,"[('SONNY ERWIN', 'PERSON')]",This might be a PERSON: SONNY ERWIN,,
2429,TAGFEED  plajo BABBLEBLAB vinte Co.,Person,"[('TAGFEED  ', 'ORG'), ('BABBLEBLAB vinte Co.', 'ORG')]",This might not be a PERSON,,
2437,abc mining and industrial supplies cc,Person,"[('abc mining and industrial supplies', 'ORG')]",This might not be a PERSON,,
2461,DRU TICKSALL,Person,[],This might not be a PERSON,,
2471,PROF. MARTIN TWALA,Person,[],This might not be a PERSON,,
2484,Vernon Kok,Company,"[('Vernon Kok', 'PERSON')]",This might be a PERSON: Vernon Kok,,
2489,YOUR TSOTETSI,Person,[],This might not be a PERSON,,
2493,AMANDA GOODSHIP,Person,[],This might not be a PERSON,,
2495,Tshepo Bouwer,Company,"[('Tshepo Bouwer', 'PERSON')]",This might be a PERSON: Tshepo Bouwer,,
2508,Blogtags  Linktype Yozio Co.,Company,"[('Yozio Co.', 'PERSON')]",This might be a PERSON: Yozio Co.,,
2516,Browsecat  Realblab YODO Blognation Bond,Person,[],This might not be a PERSON,,
2521,SHIRLEY BEUKES,Company,"[('SHIRLEY BEUKES', 'PERSON')]",This might be a PERSON: SHIRLEY BEUKES,,
2527,BGC RESOURCES INC,Person,"[('BGC RESOURCES INC', 'ORG')]",This might not be a PERSON,,
2534,Mr. your hall,Person,[],This might not be a PERSON,,
2541,feedfish  Cogibox Family Trust,Person,[],This might not be a PERSON,,
2544,Rockwell Aston,Person,"[('Rockwell Aston', 'ORG')]",This might not be a PERSON,,
2549,Pelaran Capitals Plc,Person,"[('Pelaran Capitals Plc', 'ORG')]",This might not be a PERSON,,
2551,Mrs MARGARET BEZUIDENHOUT,Company,"[('MARGARET BEZUIDENHOUT', 'PERSON')]",This might be a PERSON: MARGARET BEZUIDENHOUT,,
2566,Gabvine  Centizu TOPICZOOM Youopia PTY (LTD).,Company,"[('Gabvine  Centizu', 'PERSON')]",This might be a PERSON: Gabvine  Centizu,,
2567,DR. RONALD VAN HEERDEN,Company,"[('RONALD VAN HEERDEN', 'PERSON')]",This might be a PERSON: RONALD VAN HEERDEN,,
2570,ESTÉE GARLETTE,Company,"[('ESTÉE GARLETTE', 'PERSON')]",This might be a PERSON: ESTÉE GARLETTE,,
2584,jaxspan  Fund,Person,[],This might not be a PERSON,,
2586,Rochelle Healthcare,Person,"[('Rochelle Healthcare', 'ORG')]",This might not be a PERSON,,
2621,next allie,Company,"[('allie', 'PERSON')]",This might be a PERSON: allie,,
2624,wayne roux,Company,"[('wayne roux', 'PERSON')]",This might be a PERSON: wayne roux,,
2629,rhycero  Youfeed Company,Person,"[('rhycero  Youfeed Company', 'ORG')]",This might not be a PERSON,,
2633,ms. lebohang park,Person,"[('lebohang park', 'GPE')]",This might not be a PERSON,,
2654,meedoo  TAZZ Latz Jv Co.,Company,"[('meedoo', 'PERSON'), ('Latz Jv Co.', 'ORG')]",This might be a PERSON: meedoo,,
2657,LYDIA EVANS,Person,"[('LYDIA EVANS', 'GPE')]",This might not be a PERSON,,
2658,wanooka busses pl,Company,"[('wanooka busses pl', 'PERSON')]",This might be a PERSON: wanooka busses pl,,
2664,Wordtune  realcube Jayo Youbridge Fd,Company,"[('Jayo Youbridge', 'PERSON')]",This might be a PERSON: Jayo Youbridge,,
2669,EAZZY  LEENTI Meedoo CAMIDO C.C.,Company,"[('EAZZY  ', 'PERSON')]",This might be a PERSON: EAZZY  ,,
2676,NEVILLE DETAILS,Person,"[('NEVILLE', 'GPE')]",This might not be a PERSON,,
2679,MISS DUMISANI DE VILLIERS,Person,[],This might not be a PERSON,,
2683,Zondra Janos,Company,"[('Zondra Janos', 'PERSON')]",This might be a PERSON: Zondra Janos,,
2694,MISS NOMPUMELELO MOODLEY,Person,[],This might not be a PERSON,,
2696,SALOMÉ KEAST,Person,"[('SALOMÉ KEAST', 'LOC')]",This might not be a PERSON,,
2721,Mr debra ilsley,Company,"[('debra ilsley', 'PERSON')]",This might be a PERSON: debra ilsley,,
2731,Dù Smogur,Person,[],This might not be a PERSON,,
2743,lorène crayk,Company,"[('lorène crayk', 'PERSON')]",This might be a PERSON: lorène crayk,,
2745,Sello Ngobeni,Company,"[('Sello Ngobeni', 'PERSON')]",This might be a PERSON: Sello Ngobeni,,
2776,lizelle nieuwoudt,Company,"[('lizelle nieuwoudt', 'PERSON')]",This might be a PERSON: lizelle nieuwoudt,,
2782,Mr BAIL EWERS,Company,"[('BAIL EWERS', 'PERSON')]",This might be a PERSON: BAIL EWERS,,
2784,Yabox  EAYO Avamm PHOTOJAM Bond,Company,"[('Yabox  EAYO', 'PERSON')]",This might be a PERSON: Yabox  EAYO,,
2785,Andries Meyer,Company,"[('Andries Meyer', 'PERSON')]",This might be a PERSON: Andries Meyer,,
2786,Léana Dobeson,Company,"[('Léana Dobeson', 'PERSON')]",This might be a PERSON: Léana Dobeson,,
2789,Mr Dr. Martha Schmidt,Company,"[('Martha Schmidt', 'PERSON')]",This might be a PERSON: Martha Schmidt,,
2809,Mr buffy clinning,Person,[],This might not be a PERSON,,
2810,ELÉA DENZILOE,Company,"[('ELÉA DENZILOE', 'PERSON')]",This might be a PERSON: ELÉA DENZILOE,,
2827,Dr Dr. Debbie Fredericks,Company,"[('Debbie Fredericks', 'PERSON')]",This might be a PERSON: Debbie Fredericks,,
2831,cynthia naidu,Company,"[('cynthia naidu', 'PERSON')]",This might be a PERSON: cynthia naidu,,
2846,Chantelle Mabunda,Company,"[('Chantelle Mabunda', 'PERSON')]",This might be a PERSON: Chantelle Mabunda,,
2848,NICK MUNYAI,Company,"[('NICK MUNYAI', 'PERSON')]",This might be a PERSON: NICK MUNYAI,,
2851,Nicolette Jordaan,Company,"[('Nicolette Jordaan', 'PERSON')]",This might be a PERSON: Nicolette Jordaan,,
2853,mynte  YAKIJO Browsedrive Jaxbean Pty,Company,"[('mynte  YAKIJO', 'PERSON'), ('Jaxbean Pty', 'ORG')]",This might be a PERSON: mynte  YAKIJO,,
2856,Photobean  KAYVEO Yakitri Pty,Company,"[('KAYVEO Yakitri', 'PERSON')]",This might be a PERSON: KAYVEO Yakitri,,
2866,HON. BABALWA ROBERTS,Company,"[('BABALWA ROBERTS', 'PERSON')]",This might be a PERSON: BABALWA ROBERTS,,
2876,wheeler haughian,Person,[],This might not be a PERSON,,
2877,marlyn hawkshaw,Company,"[('marlyn hawkshaw', 'PERSON')]",This might be a PERSON: marlyn hawkshaw,,
2881,nicolaas boshoff,Company,"[('nicolaas boshoff', 'PERSON')]",This might be a PERSON: nicolaas boshoff,,
2890,Next Campbell,Company,"[('Campbell', 'PERSON')]",This might be a PERSON: Campbell,,
2891,robow business consul c c,Company,"[('c c', 'PERSON')]",This might be a PERSON: c c,,
2892,edvard moss,Person,"[('edvard', 'ORG')]",This might not be a PERSON,,
2896,Prof. Ntokozo Moloi,Company,"[('Ntokozo Moloi', 'PERSON')]",This might be a PERSON: Ntokozo Moloi,,
2898,inge skentelbery,Person,[],This might not be a PERSON,,
2904,Jessica Brand,Company,"[('Jessica Brand', 'PERSON')]",This might be a PERSON: Jessica Brand,,
2916,Sr. Nosipho Mchunu,Company,"[('Nosipho Mchunu', 'PERSON')]",This might be a PERSON: Nosipho Mchunu,,
2929,Candice Samuels,Company,"[('Candice Samuels', 'PERSON')]",This might be a PERSON: Candice Samuels,,
2933,Herman and Julie Clothing Pl,Company,"[('Herman', 'PERSON'), ('Julie', 'PERSON')]","This might be a PERSON: Herman, Julie",,
2938,SMITH CORNELISSE,Person,"[('SMITH CORNELISSE', 'ORG')]",This might not be a PERSON,,
2952,NÉHÉMIE DRIVER,Person,"[('NÉHÉMIE', 'GPE')]",This might not be a PERSON,,
2957,MS DANETTE TRETHOWAN,Company,"[('DANETTE TRETHOWAN', 'PERSON')]",This might be a PERSON: DANETTE TRETHOWAN,,
2965,MISS bécassine ortells,Person,[],This might not be a PERSON,,
2975,Madelyn Albarez,Company,"[('Madelyn Albarez', 'PERSON')]",This might be a PERSON: Madelyn Albarez,,
2978,MRS Dr. Simphiwe Miller,Company,"[('Simphiwe Miller', 'PERSON')]",This might be a PERSON: Simphiwe Miller,,
2980,STEPHENIE KILLIAM,Company,"[('STEPHENIE KILLIAM', 'PERSON')]",This might be a PERSON: STEPHENIE KILLIAM,,
2987,Takalani John,Company,"[('Takalani John', 'PERSON')]",This might be a PERSON: Takalani John,,
3009,Thandeka Jacobs,Company,"[('Thandeka Jacobs', 'PERSON')]",This might be a PERSON: Thandeka Jacobs,,
3014,Truda Works,Person,"[('Truda Works', 'ORG')]",This might not be a PERSON,,
3015,Pénélope Scardefield,Company,"[('Pénélope Scardefield', 'PERSON')]",This might be a PERSON: Pénélope Scardefield,,
3017,Bert Cheshire,Company,"[('Bert Cheshire', 'PERSON')]",This might be a PERSON: Bert Cheshire,,
3022,barbara modise,Person,[],This might not be a PERSON,,
3054,Fanoodle  Photolist Layo thoughtmix A.S.,Company,"[('Layo thoughtmix', 'PERSON')]",This might be a PERSON: Layo thoughtmix,,
3070,LORINE THROUGHTON,Company,"[('LORINE THROUGHTON', 'PERSON')]",This might be a PERSON: LORINE THROUGHTON,,
3075,CONNIE TENAUNT,Person,[],This might not be a PERSON,,
3077,QUATZ  BABBLESET Fd,Company,"[('QUATZ  BABBLESET', 'PERSON')]",This might be a PERSON: QUATZ  BABBLESET,,
3084,Tannie Tranfield,Company,"[('Tannie Tranfield', 'PERSON')]",This might be a PERSON: Tannie Tranfield,,
3123,JULIANA CHAIM,Company,"[('JULIANA CHAIM', 'PERSON')]",This might be a PERSON: JULIANA CHAIM,,
3135,TRUDEO  topicstorm JV,Company,"[('JV', 'PERSON')]",This might be a PERSON: JV,,
3142,gasper green,Person,[],This might not be a PERSON,,
3162,Prof. Nompumelelo Sibiya,Company,"[('Nompumelelo Sibiya', 'PERSON')]",This might be a PERSON: Nompumelelo Sibiya,,
3166,Trilith  EDGETAG Fd,Company,"[('Trilith  EDGETAG', 'PERSON')]",This might be a PERSON: Trilith  EDGETAG,,
3174,Dynava  Flashspan DABLIST voomm Ltd,Person,"[('Dynava', 'ORG'), ('DABLIST', 'ORG'), ('voomm Ltd', 'ORG')]",This might not be a PERSON,,
3175,FIKILE GOUNDEN,Company,"[('FIKILE GOUNDEN', 'PERSON')]",This might be a PERSON: FIKILE GOUNDEN,,
3177,NICOL FLACKNOE,Person,[],This might not be a PERSON,,
3185,ESTEBAN MCPARTLIN,Company,"[('ESTEBAN MCPARTLIN', 'PERSON')]",This might be a PERSON: ESTEBAN MCPARTLIN,,
3188,LAETITIA TILT,Person,"[('LAETITIA', 'GPE')]",This might not be a PERSON,,
3190,Eléa Bigly,Company,"[('Eléa Bigly', 'PERSON')]",This might be a PERSON: Eléa Bigly,,
3194,BRITTA BONNEY,Person,"[('BRITTA BONNEY', 'GPE')]",This might not be a PERSON,,
3201,Desiree Brits,Person,[],This might not be a PERSON,,
3217,NICOLAAS LOURENS,Person,"[('NICOLAAS', 'GPE')]",This might not be a PERSON,,
3232,cléopatre zannuto,Person,[],This might not be a PERSON,,
3234,Personnalisée Grafhom,Person,[],This might not be a PERSON,,
3236,Sr. Johann Mkhwanazi,Company,"[('Johann Mkhwanazi', 'PERSON')]",This might be a PERSON: Johann Mkhwanazi,,
3249,TOPICBLAB  Skinder mydo Fd,Company,"[('mydo Fd', 'PERSON')]",This might be a PERSON: mydo Fd,,
3265,Cassey Itzkovich,Company,"[('Cassey Itzkovich', 'PERSON')]",This might be a PERSON: Cassey Itzkovich,,
3270,Cléopatre Dickin,Person,[],This might not be a PERSON,,
3274,ARETHA MERIT,Person,[],This might not be a PERSON,,
3275,WHITNEY MARCOME,Person,"[('WHITNEY', 'GPE')]",This might not be a PERSON,,
3285,ALOÏS NOAKES,Person,[],This might not be a PERSON,,
3290,THABISO ROSSOUW,Person,"[('THABISO ROSSOUW', 'GPE')]",This might not be a PERSON,,
3316,CÉLESTINE SPRULLS,Person,[],This might not be a PERSON,,
3324,odella shallow,Person,[],This might not be a PERSON,,
3333,Roodel  skipfire JV,Company,"[('Roodel', 'ORG'), ('JV', 'PERSON')]",This might be a PERSON: JV,,
3349,Personal Fortuin,Person,[],This might not be a PERSON,,
3360,MISS IAN LOTTERING,Person,[],This might not be a PERSON,,
3361,Muxo  Pl,Company,"[('Muxo  Pl', 'PERSON')]",This might be a PERSON: Muxo  Pl,,
3376,ANAËL WINBORN,Person,"[('ANAËL WINBORN', 'GPE')]",This might not be a PERSON,,
3380,MISS Natividad Goodliff,Person,"[('Natividad Goodliff', 'ORG')]",This might not be a PERSON,,
3398,danielle koekemoer,Company,"[('danielle koekemoer', 'PERSON')]",This might be a PERSON: danielle koekemoer,,
3410,teboho street,Person,[],This might not be a PERSON,,
3422,Ms. Zandile Mabena,Company,"[('Zandile Mabena', 'PERSON')]",This might be a PERSON: Zandile Mabena,,
3445,yú o'hannen,Person,[],This might not be a PERSON,,
3446,Babblestorm  Mita trilith SICAV,Person,"[('SICAV', 'PRODUCT')]",This might not be a PERSON,,
3463,CONSTANTIA SCOTTS,Person,[],This might not be a PERSON,,
3471,DORALIN O'SCULLY,Company,"[(""DORALIN O'SCULLY"", 'PERSON')]",This might be a PERSON: DORALIN O'SCULLY,,
3472,DR märta mcgaughey,Company,"[('mcgaughey', 'PERSON')]",This might be a PERSON: mcgaughey,,
3475,Martin Robinson,Company,"[('Martin Robinson', 'PERSON')]",This might be a PERSON: Martin Robinson,,
3477,nicolene ntshangase,Person,[],This might not be a PERSON,,
3513,MERRILEE SOAPER,Person,[],This might not be a PERSON,,
3523,DR Miss Tumelo Lewis,Company,"[('Tumelo Lewis', 'PERSON')]",This might be a PERSON: Tumelo Lewis,,
3558,Dean Henning,Company,"[('Dean Henning', 'PERSON')]",This might be a PERSON: Dean Henning,,
3560,Hon. Nomfundo Mavuso,Company,"[('Nomfundo Mavuso', 'PERSON')]",This might be a PERSON: Nomfundo Mavuso,,
3567,Mandi Aizikovich,Company,"[('Mandi Aizikovich', 'PERSON')]",This might be a PERSON: Mandi Aizikovich,,
3570,MONA GUILLE,Person,"[('MONA GUILLE', 'GPE')]",This might not be a PERSON,,
3571,Louis Pietersma,Company,"[('Louis Pietersma', 'PERSON')]",This might be a PERSON: Louis Pietersma,,
3603,RAYMOND MAY,Person,"[('RAYMOND MAY', 'DATE')]",This might not be a PERSON,,
3611,Dabjam  Eare Fadeo Lda.,Company,"[('Dabjam  Eare Fadeo Lda', 'PERSON')]",This might be a PERSON: Dabjam  Eare Fadeo Lda,,
3641,Mr. LANGSDON DEAVES,Company,"[('LANGSDON', 'PERSON')]",This might be a PERSON: LANGSDON,,
3643,MYLÈNE RATE,Person,[],This might not be a PERSON,,
3646,BÉRANGÈRE RASH,Person,[],This might not be a PERSON,,
3666,ELÉONORE SCRIVENER,Person,"[('ELÉONORE', 'GPE')]",This might not be a PERSON,,
3667,your ismail,Person,[],This might not be a PERSON,,
3668,TALANE  Gabtune DYNAZZY Brainsphere PLLC.,Company,"[('TALANE  Gabtune', 'PERSON'), ('Brainsphere PLLC', 'ORG')]",This might be a PERSON: TALANE  Gabtune,,
3673,mill colliss,Company,"[('mill colliss', 'PERSON')]",This might be a PERSON: mill colliss,,
3684,MS dave human,Person,[],This might not be a PERSON,,
3706,artemas mathieu,Person,[],This might not be a PERSON,,
3709,béatrice aspinal,Person,[],This might not be a PERSON,,
3710,Dazzlesphere  Pixope Funds,Person,[],This might not be a PERSON,,
3721,SANDER DONO,Company,"[('SANDER DONO', 'PERSON')]",This might be a PERSON: SANDER DONO,,
3731,Demizz  GABVINE Pl,Company,"[('Demizz  GABVINE', 'PERSON')]",This might be a PERSON: Demizz  GABVINE,,
3746,NOZIPHO FORTUIN,Company,"[('NOZIPHO FORTUIN', 'PERSON')]",This might be a PERSON: NOZIPHO FORTUIN,,
3754,Dr. PROF. ANTON NAIDOO,Company,"[('ANTON NAIDOO', 'PERSON')]",This might be a PERSON: ANTON NAIDOO,,
3756,MIDEL  Bond,Company,"[('MIDEL  Bond', 'PERSON')]",This might be a PERSON: MIDEL  Bond,,
3761,SIPHOKAZI DANIELS,Company,"[('SIPHOKAZI DANIELS', 'PERSON')]",This might be a PERSON: SIPHOKAZI DANIELS,,
3768,Thoughtstorm  Flashpoint Ainyx ZOOMBOX C.C.,Person,[],This might not be a PERSON,,
3785,ZANDRA CANAS,Person,"[('ZANDRA CANAS', 'GPE')]",This might not be a PERSON,,
3786,JANYX  VINTE edgeclub Tagopia Stg,Company,"[('JANYX  VINTE', 'PERSON'), ('Tagopia Stg', 'ORG')]",This might be a PERSON: JANYX  VINTE,,
3795,Prudential Trading,Person,[],This might not be a PERSON,,
3798,PATRICIA LOTTERING,Person,[],This might not be a PERSON,,
3811,Mr. MS. ABIGAIL HATTINGH,Company,"[('ABIGAIL HATTINGH', 'PERSON')]",This might be a PERSON: ABIGAIL HATTINGH,,
3812,Ms. Julie Jordaan,Company,"[('Julie Jordaan', 'PERSON')]",This might be a PERSON: Julie Jordaan,,
3817,Miss Waly Bartelet,Company,"[('Waly Bartelet', 'PERSON')]",This might be a PERSON: Waly Bartelet,,
3838,Edward Gumede,Company,"[('Edward Gumede', 'PERSON')]",This might be a PERSON: Edward Gumede,,
3841,sibongile marx,Company,"[('sibongile marx', 'PERSON')]",This might be a PERSON: sibongile marx,,
3857,Jazzy  CAMIDO Meevee Incorporated,Company,"[('Jazzy  CAMIDO', 'PERSON'), ('Meevee Incorporated', 'ORG')]",This might be a PERSON: Jazzy  CAMIDO,,
3862,bucky henric,Company,"[('bucky henric', 'PERSON')]",This might be a PERSON: bucky henric,,
3867,Divanoodle  Trilia Lda.,Company,"[('Trilia Lda', 'PERSON')]",This might be a PERSON: Trilia Lda,,
3868,LYNETTE FRANCIS,Person,"[('LYNETTE FRANCIS', 'GPE')]",This might not be a PERSON,,
3876,Thapelo Greyling,Company,"[('Thapelo Greyling', 'PERSON')]",This might be a PERSON: Thapelo Greyling,,
3881,Miss Douglas Mokoena,Company,"[('Douglas Mokoena', 'PERSON')]",This might be a PERSON: Douglas Mokoena,,
3893,Town Schneidar,Person,"[('Schneidar', 'GPE')]",This might not be a PERSON,,
3901,edgetag  Riffpedia Kwideo Skyba PTY LTD,Person,"[('edgetag', 'ORG'), ('Riffpedia', 'ORG'), ('Kwideo Skyba PTY LTD', 'ORG')]",This might not be a PERSON,,
3903,Vuyokazi Van Der Merwe,Company,"[('Vuyokazi Van Der Merwe', 'PERSON')]",This might be a PERSON: Vuyokazi Van Der Merwe,,
3910,Meevee  Devbug GMBH Co.,Company,"[('Meevee  Devbug', 'PERSON'), ('GMBH Co.', 'ORG')]",This might be a PERSON: Meevee  Devbug,,
3925,sly champley,Person,[],This might not be a PERSON,,
3932,Kabelo De Jager,Company,"[('Kabelo De Jager', 'PERSON')]",This might be a PERSON: Kabelo De Jager,,
3934,hazel rayburn,Company,"[('hazel rayburn', 'PERSON')]",This might be a PERSON: hazel rayburn,,
3945,tish lambirth,Company,"[('tish lambirth', 'PERSON')]",This might be a PERSON: tish lambirth,,
3959,HILARY SNAR,Person,[],This might not be a PERSON,,
3967,gloria bouwer,Company,"[('gloria bouwer', 'PERSON')]",This might be a PERSON: gloria bouwer,,
4013,Fallen Leaves Property Dev Co Pl,Company,"[('Fallen', 'PERSON')]",This might be a PERSON: Fallen,,
4022,INNOTYPE  Wordify Yakitri Lda.,Company,"[('Yakitri Lda', 'PERSON')]",This might be a PERSON: Yakitri Lda,,
4044,shurlock lorkings,Person,[],This might not be a PERSON,,
4046,Onfroi Veld,Company,"[('Onfroi Veld', 'PERSON')]",This might be a PERSON: Onfroi Veld,,
4051,cassandra hamp,Company,"[('cassandra hamp', 'PERSON')]",This might be a PERSON: cassandra hamp,,
4054,Refiloe Zondi,Company,"[('Refiloe Zondi', 'PERSON')]",This might be a PERSON: Refiloe Zondi,,
4070,BUSISIWE MOTSEPE,Person,[],This might not be a PERSON,,
4079,"rajamangala university of technology, lanna chiang rai",University,"[('rajamangala university of technology', 'ORG'), ('lanna chiang rai', 'PERSON')]",This might be a PERSON: lanna chiang rai,,
4094,BERNADETTE FEARNSIDES,Person,[],This might not be a PERSON,,
4108,MELISSA SOULE,Company,"[('MELISSA SOULE', 'PERSON')]",This might be a PERSON: MELISSA SOULE,,
4114,eabox  Associates,Person,"[('eabox  ', 'ORG')]",This might not be a PERSON,,
4116,Cull Baxstar,Person,[],This might not be a PERSON,,
4120,Wá Pleasance,Person,[],This might not be a PERSON,,
4130,Dr. Cecilia Van Tonder,Company,"[('Cecilia Van Tonder', 'PERSON')]",This might be a PERSON: Cecilia Van Tonder,,
4136,AIME FELLS,Person,[],This might not be a PERSON,,
4143,Miss Tán Bruyntjes,Company,"[('Tán Bruyntjes', 'PERSON')]",This might be a PERSON: Tán Bruyntjes,,
4145,personal naicker,Person,[],This might not be a PERSON,,
4148,MR Corny Murdy,Person,[],This might not be a PERSON,,
4152,meeveo  CC,Company,"[('meeveo  CC', 'PERSON')]",This might be a PERSON: meeveo  CC,,
4159,EVAN AND SONS FOOTWEAR INDUSTRY LTD,Company,"[('EVAN', 'PERSON'), ('FOOTWEAR INDUSTRY LTD', 'ORG')]",This might be a PERSON: EVAN,,
4164,Nhlanhla Dube,Company,"[('Nhlanhla Dube', 'PERSON')]",This might be a PERSON: Nhlanhla Dube,,
4166,KISSIAH RICIOPPO,Person,"[('KISSIAH RICIOPPO', 'ORG')]",This might not be a PERSON,,
4179,MÉN BARRACKS,Person,[],This might not be a PERSON,,
4182,Dr. PERSONAL MADLALA,Person,[],This might not be a PERSON,,
4186,ZOOMBOX  VIDOO Gabtype AVAMBA Fund of Funds,Person,[],This might not be a PERSON,,
4198,personnalisée blacker,Person,[],This might not be a PERSON,,
4199,thandi street,Person,[],This might not be a PERSON,,
4211,Trilia  Skinte LLC.,Person,"[('Trilia  Skinte LLC', 'ORG')]",This might not be a PERSON,,
4225,LUIGI STONARY,Person,[],This might not be a PERSON,,
4227,Mrs Barend Buthelezi,Company,"[('Barend Buthelezi', 'PERSON')]",This might be a PERSON: Barend Buthelezi,,
4239,Rebus Babra Ltd,Company,"[('Rebus Babra Ltd', 'PERSON')]",This might be a PERSON: Rebus Babra Ltd,,
4247,your liebenberg,Person,"[('liebenberg', 'GPE')]",This might not be a PERSON,,
4252,innocent scheepers,Person,[],This might not be a PERSON,,
4256,Dr. Jaco September,Company,"[('Jaco September', 'PERSON')]",This might be a PERSON: Jaco September,,
4270,TRACY GIORGIETTO,Person,[],This might not be a PERSON,,
4275,Sr. alexander msibi,Company,"[('alexander msibi', 'PERSON')]",This might be a PERSON: alexander msibi,,
4298,Prof. Palesa Bothma,Company,"[('Palesa Bothma', 'PERSON')]",This might be a PERSON: Palesa Bothma,,
4301,Tavu  mymm devshare PTY LTD.,Company,"[('Tavu  mymm', 'PERSON'), ('devshare PTY LTD', 'ORG')]",This might be a PERSON: Tavu  mymm,,
4318,MRS ian kekana,Company,"[('ian kekana', 'PERSON')]",This might be a PERSON: ian kekana,,
4322,HEIDI SCHOLTZ,Person,[],This might not be a PERSON,,
4324,Phumzile September,Person,"[('September', 'DATE')]",This might not be a PERSON,,
4333,Mr. hilton hanratty,Company,"[('hilton', 'PERSON'), ('hanratty', 'PERSON')]","This might be a PERSON: hilton, hanratty",,
4336,viva  Devify Teklist Inc,Company,"[('viva  Devify Teklist Inc', 'PERSON')]",This might be a PERSON: viva  Devify Teklist Inc,,
4342,Dennis Collins,Company,"[('Dennis Collins', 'PERSON')]",This might be a PERSON: Dennis Collins,,
4348,Aubrie Janusik,Company,"[('Aubrie Janusik', 'PERSON')]",This might be a PERSON: Aubrie Janusik,,
4369,TSHEPISO NEL,Person,"[('TSHEPISO NEL', 'GPE')]",This might not be a PERSON,,
4412,MOISES CRAISE,Person,[],This might not be a PERSON,,
4423,Ms. Dimakatso Mitchell,Company,"[('Dimakatso Mitchell', 'PERSON')]",This might be a PERSON: Dimakatso Mitchell,,
4425,TEBOGO ELS,Person,[],This might not be a PERSON,,
4431,arogon bci bond fd,Person,"[('arogon bci', 'ORG')]",This might not be a PERSON,,
4433,Bruce Hoffman,Company,"[('Bruce Hoffman', 'PERSON')]",This might be a PERSON: Bruce Hoffman,,
4445,jackie miller,Company,"[('jackie miller', 'PERSON')]",This might be a PERSON: jackie miller,,
4461,BLUE SKY LEISURE DEVELOPMENTS (PTY) LTD,Person,"[('BLUE SKY LEISURE DEVELOPMENTS (PTY) LTD', 'ORG')]",This might not be a PERSON,,
4470,Botswabo Cc,Company,"[('Botswabo Cc', 'PERSON')]",This might be a PERSON: Botswabo Cc,,
4473,personal tladi,Person,[],This might not be a PERSON,,
4474,MS UNATHI ARENDSE,Person,[],This might not be a PERSON,,
4486,maéna hunt,Person,[],This might not be a PERSON,,
4498,MARIE-JOSÉE ROWSEL,Company,"[('MARIE-JOSÉE ROWSEL', 'PERSON')]",This might be a PERSON: MARIE-JOSÉE ROWSEL,,
4505,MAÏLY CHAPIER,Person,[],This might not be a PERSON,,
4506,KGOMOTSO GREEN,Person,"[('KGOMOTSO', 'GPE')]",This might not be a PERSON,,
4508,Refilwe Brand,Person,"[('Refilwe Brand', 'ORG')]",This might not be a PERSON,,
4510,FIKILE NDEBELE,Company,"[('FIKILE NDEBELE', 'PERSON')]",This might be a PERSON: FIKILE NDEBELE,,
4511,Fikile Ndebele,Company,"[('Fikile Ndebele', 'PERSON')]",This might be a PERSON: Fikile Ndebele,,
4512,Fikile M Ndebele,Company,"[('Fikile M Ndebele', 'PERSON')]",This might be a PERSON: Fikile M Ndebele,,
4515,DUFF FORRE,Person,[],This might not be a PERSON,,
